,Cohort,Diabetes,Osteonecrosis,Rheumatoid Arthritis
0,# Patients,2967.0,1234.0,3661.0
1,# unique codes in cohort,2163.0,1880.0,2164.0
2,# unique codes per person,3.609369733737782,3.6037277147487843,3.5831739961759084
3,Total # events,10715.0,4449.0,13129.0
4,Avg # of visits,3.6113919784293897,3.6053484602917343,3.5861786397159245
5,Avg # event per patient,3.6113919784293897,3.6053484602917343,3.5861786397159245
